{
  "timestamp": "2026-04-12T18:21:18.577986",
  "latency": {
    "embedding_generation": {
      "avg_ms": 13.234321999952954,
      "min_ms": 10.482020000017656,
      "max_ms": 19.266410000000178,
      "times": [
        19.266410000000178,
        12.843849999990198,
        12.366469999960827,
        11.21285999979591,
        10.482020000017656
      ]
    },
    "pgvector_search": {
      "avg_ms": 53.24122400003034,
      "min_ms": 52.33104999997522,
      "max_ms": 55.24667000008776,
      "times": [
        55.24667000008776,
        53.91082000005554,
        52.36665999991601,
        52.350920000117185,
        52.33104999997522
      ]
    },
    "faiss_search": {
      "avg_ms": 0.39516000002549845,
      "min_ms": 0.3397399999812478,
      "max_ms": 0.522980000005191,
      "times": [
        0.35187999992558616,
        0.41420000006837654,
        0.3397399999812478,
        0.34700000014709076,
        0.522980000005191
      ]
    },
    "document_fetch": {
      "avg_ms": 260.4287200001636,
      "min_ms": 212.63419999922917,
      "max_ms": 422.8309000000081,
      "per_doc_ms": 52.08574400003272,
      "times": [
        253.97780000002967,
        422.8309000000081,
        399.55470000040805,
        214.25949999957083,
        213.16590000060387,
        212.63419999922917,
        223.1303000007756,
        213.5018000008131,
        218.04450000036013,
        233.1875999998374
      ]
    }
  },
  "recall": {
    "1": {
      "avg": 0.04,
      "min": 0.0,
      "max": 0.05,
      "all": [
        0.05,
        0.05,
        0.05,
        0.05,
        0.0
      ]
    },
    "5": {
      "avg": 0.21000000000000002,
      "min": 0.05,
      "max": 0.25,
      "all": [
        0.25,
        0.25,
        0.25,
        0.25,
        0.05
      ]
    },
    "10": {
      "avg": 0.39,
      "min": 0.15,
      "max": 0.5,
      "all": [
        0.5,
        0.3,
        0.5,
        0.5,
        0.15
      ]
    },
    "20": {
      "avg": 0.75,
      "min": 0.25,
      "max": 1.0,
      "all": [
        0.95,
        0.6,
        0.95,
        1.0,
        0.25
      ]
    }
  },
  "precision": {
    "1": {
      "avg": 1.0,
      "min": 1.0,
      "max": 1.0
    },
    "5": {
      "avg": 1.0,
      "min": 1.0,
      "max": 1.0
    },
    "10": {
      "avg": 1.0,
      "min": 1.0,
      "max": 1.0
    }
  },
  "summary": {
    "faiss_speedup_vs_pgvector": 134.7333333247162,
    "total_pipeline_time_ms": 274.05820200014205
  }
}