{
  "timestamp": "2026-04-14T21:12:42.541642",
  "dataset_size": 100000,
  "dimension": 384,
  "num_queries": 50,
  "results": [
    {
      "engine": "pgvector",
      "index_type": "flat",
      "latency_ms": 272.7018380000118,
      "recall": 1.0,
      "precision": 1.0,
      "mrr": 1.0,
      "f1": 1.0,
      "times": [
        244.8460000000523,
        418.90179999973043,
        399.44310000009864,
        421.32449999962773,
        242.17210000006162,
        224.7947999999269,
        228.42409999975644,
        406.747600000017,
        248.63020000020697,
        226.85860000001412,
        229.38410000006115,
        254.4127999999546,
        385.2046000001792,
        227.9327999999623,
        247.57050000016534,
        232.9864000002999,
        249.8692000003757,
        231.06419999976424,
        245.52859999994325,
        240.06899999994857,
        260.8970999999656,
        395.23060000010446,
        232.82390000031228,
        242.65639999975974,
        263.0368999998609,
        233.34999999997308,
        239.8246000002473,
        397.3126000000775,
        381.268000000091,
        279.2261000004146,
        249.36269999989236,
        239.14600000034625,
        244.13340000000971,
        255.91050000002724,
        256.14649999988615,
        249.25739999980578,
        466.06589999964854,
        272.7031999997962,
        241.39049999985218,
        244.02250000002823,
        237.8991999999016,
        232.58549999991374,
        235.33140000017738,
        237.50410000002375,
        245.2477000001636,
        233.0910999999105,
        233.20669999975507,
        248.61879999980374,
        242.16210000031424,
        239.5155000003797
      ]
    },
    {
      "engine": "FAISS",
      "index_type": "flat",
      "latency_ms": 8.779659999972864,
      "recall": 1.0,
      "precision": 1.0,
      "mrr": 1.0,
      "f1": 1.0,
      "times": [
        8.722900000066147,
        7.763300000078743,
        7.470300000022689,
        7.961099999647558,
        9.645399999953952,
        13.496200000190584,
        13.428200000362267,
        8.962599999904342,
        8.718800000224292,
        8.222599999953673,
        7.664000000204396,
        9.062600000106613,
        7.591099999899598,
        7.624100000157341,
        7.487500000024738,
        7.575399999950605,
        7.491299999855983,
        7.961300000260962,
        8.420699999987846,
        9.73969999995461,
        8.47280000016326,
        9.32280000006358,
        8.725899999717512,
        11.094299999967916,
        8.777900000040972,
        8.474499999920226,
        8.200000000215368,
        7.503199999973731,
        7.546399999682762,
        7.456699999693228,
        7.526800000050571,
        7.850399999824731,
        8.872599999904196,
        10.587199999918084,
        13.627599999836093,
        9.44019999997181,
        8.793599999989965,
        8.896599999843602,
        8.875899999566172,
        7.994300000063959,
        9.113199999774224,
        9.178700000120443,
        8.335900000020047,
        8.432599999650847,
        7.978900000125577,
        7.882399999743939,
        8.826199999930395,
        8.795899999768153,
        8.678800000325282,
        8.711599999969621
      ]
    },
    {
      "engine": "pgvector",
      "index_type": "ivf",
      "latency_ms": 62.10542800001349,
      "recall": 0.5680000000000001,
      "precision": 0.5680000000000001,
      "mrr": 0.86,
      "f1": 0.5680000000000001,
      "times": [
        71.39009999991686,
        48.92289999997956,
        45.24569999966843,
        49.59390000021813,
        62.50030000001061,
        38.04430000036518,
        50.510700000359066,
        42.440800000349554,
        38.81099999989601,
        37.91210000008505,
        157.11079999982758,
        65.7774999999674,
        51.77030000004379,
        49.47760000004564,
        44.392599999810045,
        40.05669999969541,
        37.11759999987407,
        38.457300000118266,
        39.452999999866734,
        41.054499999972904,
        36.73669999989215,
        162.31250000009823,
        64.00400000029549,
        49.802900000031514,
        163.477900000089,
        176.13669999991544,
        56.15409999973053,
        46.99940000000424,
        55.739700000231096,
        39.123100000324484,
        37.17480000022988,
        36.57310000016878,
        36.165799999707815,
        37.74870000006558,
        60.023699999874225,
        39.80830000000424,
        39.08430000001317,
        38.46629999998186,
        164.04199999988123,
        160.8326999999008,
        167.45979999996052,
        43.434800000341056,
        40.03489999968224,
        39.77699999995821,
        40.72740000037811,
        47.86190000004353,
        57.29320000000371,
        39.84409999975469,
        41.29259999990609,
        37.09930000013628
      ]
    },
    {
      "engine": "FAISS",
      "index_type": "ivf",
      "latency_ms": 0.9081400000195572,
      "recall": 0.964,
      "precision": 0.964,
      "mrr": 1.0,
      "f1": 0.964,
      "times": [
        2.077600000120583,
        1.0709999996834085,
        0.9443000003557245,
        1.0322999996787985,
        0.9362999999211752,
        0.8248999997704232,
        1.0425000000395812,
        1.070499999968888,
        0.9122000001298147,
        0.8581000001868233,
        0.8585999999013438,
        0.8144000003085239,
        0.7685000000492437,
        0.8403000001635519,
        0.9196999999403488,
        0.8361999998669489,
        0.7261000000653439,
        0.8229000000028464,
        0.8109000000331434,
        0.8207999999285676,
        0.715300000138086,
        0.6629999998040148,
        0.708799999756593,
        0.9205999999721826,
        0.8972999999059539,
        0.9049999998751446,
        0.8299000000988599,
        0.8619000000180677,
        0.869800000145915,
        0.9224000000358501,
        0.8364000000256056,
        0.8754000000408269,
        0.9595999999874039,
        0.8541000001969223,
        1.0108000001309847,
        0.9537000000818807,
        0.8597000000918342,
        0.7562999999208841,
        0.8216000001084467,
        0.7733000002190238,
        0.7359000001088134,
        0.8176999999705004,
        0.7200999998531188,
        0.9136000003309164,
        1.1477999996714061,
        1.0572000001047854,
        1.0711999998420652,
        1.0936000003312074,
        0.9276000000681961,
        0.9393000000272878
      ]
    },
    {
      "engine": "pgvector",
      "index_type": "hnsw",
      "latency_ms": 315.77223199998116,
      "recall": 1.0,
      "precision": 1.0,
      "mrr": 1.0,
      "f1": 1.0,