{
  "timestamp": "2026-04-12T18:16:13.240315",
  "queries": [
    "deep learning neural networks",
    "machine learning applications",
    "natural language processing",
    "computer vision techniques",
    "reinforcement learning algorithms"
  ],
  "embedding_generation": {
    "avg_ms": 11.97100399991541,
    "min_ms": 10.218199999872013,
    "max_ms": 18.31157999986317,
    "times": [
      18.31157999986317,
      10.218199999872013,
      10.418290000143315,
      10.467399999834015,
      10.43954999986454
    ]
  },
  "pgvector_search": {
    "avg_ms": 56.8259020000005,
    "min_ms": 52.54398000015499,
    "max_ms": 65.53811999992831,
    "times": [
      65.53811999992831,
      58.21267000010266,
      53.43473000011727,
      54.40000999969925,
      52.54398000015499
    ]
  },
  "faiss_search": {
    "avg_ms": 0.39267599997401703,
    "min_ms": 0.34813000002031913,
    "max_ms": 0.42069999990417273,
    "times": [
      0.37223000017547747,
      0.41057999987970106,
      0.34813000002031913,
      0.42069999990417273,
      0.41173999989041477
    ]
  },
  "document_fetch": {
    "avg_ms": 679.7142399998847,
    "min_ms": 508.307899999636,
    "max_ms": 832.6997000003757,
    "per_doc_ms": 67.97142399998847,
    "times": [
      707.5752000000648,
      832.6997000003757,
      684.8930999994991,
      820.8499000002121,
      614.6696999994674,
      508.307899999636,
      608.3183999999164,
      559.5481000000291,
      672.8260999998383,
      787.4542999998084
    ]
  },
  "speedups": {
    "faiss_vs_pgvector_search": 144.71447708482467
  }
}